{
    "rmse": 0.728117148687811,
    "mae": 0.5525687978807668,
    "r2": 0.23148599633863776
}