{
    "rmse": 0.726300897555102,
    "mae": 0.5740355230382582,
    "r2": 0.23514894286145582
}