{
    "rmse": 0.6655642559863684,
    "mae": 0.5360051178062782,
    "r2": 0.27154122866849517
}