{
    "rmse": 0.7209496727035901,
    "mae": 0.5752902196289428,
    "r2": 0.1977644226402011
}